mse,rmse,mae,r2
13.027830123901367,3.6094085559688818,2.1534526348114014,0.9702962636947632
