mse,rmse,mae,r2
54.43531036376953,7.378028894208096,4.7635369300842285,0.9832164645195007
