mse,rmse,mae,r2
7.061956882476807,2.6574342668214403,1.621630311012268,0.9838982224464417
