horizon_step,mse,rmse,mae,r2
1,4.188324451446533,2.046539628603984,1.298357605934143,0.990450382232666
2,9.935587882995605,3.1520767571548136,1.944903016090393,0.9773460030555725
