mse,rmse,mae,r2
42.942588806152344,6.553059499665202,4.533307075500488,0.956436812877655
