mse,rmse,mae,r2
46.4951171875,6.818732813910514,4.659154891967773,0.8725435733795166
