mse,rmse,mae,r2
287.65264892578125,16.960325731712267,11.053318977355957,0.9112981557846069
