mse,rmse,mae,r2
114.60615539550781,10.705426446223795,7.08462381362915,0.8249567151069641
