mse,rmse,mae,r2
16.364105224609375,4.045257127131646,2.7165377140045166,0.9833987951278687
