horizon_step,mse,rmse,mae,r2
1,11.761306762695312,3.429476164474002,2.297309637069702,0.9880689978599548
2,20.96690559387207,4.578963375467429,3.135765314102173,0.9787280559539795
