mse,mae,r2
84.55768585205078,6.115708827972412,0.9142347574234009
