mse,mae,r2
149.10003662109375,7.638037204742432,0.7723489999771118
