mse,rmse,mae,r2
13.025744438171387,3.6091196209285425,2.3319990634918213,0.7800921201705933
