mse,rmse,mae,r2
97.05801391601562,9.851802571916249,6.471582412719727,0.8517507314682007
