mse,mae,r2
772.3404541015625,20.13774299621582,0.7617485523223877
