mse,rmse,mae,r2
13.309295654296875,3.6481907371047466,2.5881237983703613,0.7753432393074036
