mse,rmse,mae,r2
379.4590148925781,19.47970777225824,12.980796813964844,0.8829827904701233
