mse,rmse,mae,r2
21.522483825683594,4.639233107495634,2.8905575275421143,0.9509302973747253
