mse,rmse,mae,r2
12.58622932434082,3.5477076153962885,2.1701691150665283,0.7875484228134155
