horizon_step,mse,rmse,mae,r2
1,9.290047645568848,3.047957946817647,1.8603743314743042,0.9745427370071411
2,20.824386596679688,4.563374474736835,2.7841670513153076,0.9429652690887451
