mse,rmse,mae,r2
15.057215690612793,3.8803628297638344,2.322270631790161,0.9587498903274536
