mse,rmse,mae,r2
22.439367294311523,4.737020930322298,2.7653090953826904,0.9488388299942017
