mse,rmse,mae,r2
70.98167419433594,8.425062266496072,5.231493949890137,0.8915748596191406
