mse,rmse,mae,r2
3.61531662940979,1.9013985982454573,1.1756664514541626,0.9917566180229187
