mse,rmse,mae,r2
337.59893798828125,18.37386562452989,10.76700496673584,0.8958964943885803
