mse,rmse,mae,r2
67.84539794921875,8.23683179075661,4.941339015960693,0.8963655233383179
