mse,rmse,mae,r2
1.2470688819885254,1.116722383579968,0.7456837892532349,0.9789410829544067
