mse,rmse,mae,r2
45.859928131103516,6.771995875006387,4.345046043395996,0.9534764885902405
