mse,rmse,mae,r2
117.02852630615234,10.817972374994879,6.975741386413574,0.9639159440994263
