horizon_step,mse,rmse,mae,r2
1,63.09562683105469,7.94327557315335,5.349057197570801,0.9805454015731812
2,170.96141052246094,13.07522124181694,8.602426528930664,0.9472865462303162
