mse,rmse,mae,r2
161.07847595214844,12.691669549438657,7.558295726776123,0.950331449508667
