site_name,model_name,lookback,look_forward,batch_size,learning_rate,hidden_size,num_layers,epochs,dropout,mse,mae,r2,train_time
Wind farm site 4 (Nominal capacity-66MW),LSTM,96,12,64,0.001,128,4,10,0.4,38.77747344970703,3.982283592224121,0.9116050601005554,35.73816418647766
Wind farm site 4 (Nominal capacity-66MW),CNN,96,12,64,0.001,128,4,10,0.4,72.21051788330078,5.806816101074219,0.835392951965332,20.352596759796143
Wind farm site 4 (Nominal capacity-66MW),CNN_LSTM,96,12,64,0.001,128,4,10,0.4,43.77009582519531,4.013865947723389,0.9002241492271423,40.021920919418335
