mse,mae,r2
174.3647918701172,9.459217071533203,0.8231450915336609
