mse,rmse,mae,r2
114.14068603515625,10.683664447892223,6.143733978271484,0.8256581425666809
