mse,rmse,mae,r2
6.560896396636963,2.561424681039238,1.7662118673324585,0.8892353177070618
