mse,rmse,mae,r2
29.06326675415039,5.391035777487513,3.3250279426574707,0.9203457832336426
