mse,rmse,mae,r2
62.40828323364258,7.899891343154194,5.153357982635498,0.9366909265518188
