mse,rmse,mae,r2
55.00727081298828,7.4166886690077725,4.592414379119873,0.8491793870925903
