mse,rmse,mae,r2
51.3984260559082,7.169269562229349,4.275230407714844,0.9841527938842773
