site_name,model_name,lookback,look_forward,batch_size,learning_rate,hidden_size,num_layers,epochs,dropout,checkpoint_selection,mse,rmse,mae,r2,train_time
Wind farm site 1 (Nominal capacity-99MW),LSTM,96,5,64,0.001,64,2,20,0.2,last_epoch,114.14068603515625,10.683664447892223,6.143733978271484,0.8256581425666809,49.05060887336731
Wind farm site 1 (Nominal capacity-99MW),CNN_LSTM,96,5,64,0.001,64,2,20,0.2,last_epoch,94.79146575927734,9.736090886966767,5.717247486114502,0.8552126884460449,63.85095953941345
Wind farm site 1 (Nominal capacity-99MW),CNN,96,5,64,0.001,64,2,20,0.2,last_epoch,97.05801391601562,9.851802571916249,6.471582412719727,0.8517507314682007,42.20480990409851
