mse,rmse,mae,r2
9.243399620056152,3.040295975732651,1.935696005821228,0.9746828079223633
