mse,rmse,mae,r2
35.39590835571289,5.949446054525824,4.094840049743652,0.964091956615448
