mse,rmse,mae,r2
94.79146575927734,9.736090886966767,5.717247486114502,0.8552126884460449
