mse,rmse,mae,r2
84.34912109375,9.184177758174654,5.592718601226807,0.7687289714813232
