mse,rmse,mae,r2
48.111263275146484,6.936228317691574,4.009228706359863,0.8681406378746033
