mse,rmse,mae,r2
12.58960247039795,3.5481829815270167,2.5815353393554688,0.7874733209609985
