mse,rmse,mae,r2
55.83649826049805,7.4723823684617505,5.165651798248291,0.8469057679176331
