mse,rmse,mae,r2
154.72506713867188,12.438853127948407,7.336300373077393,0.7636812329292297
