mse,rmse,mae,r2
19.234020233154297,4.3856607521734166,2.547617197036743,0.9706144332885742
