mse,rmse,mae,r2
46.93523406982422,6.850929431093581,3.9085144996643066,0.9283022284507751
