mse,rmse,mae,r2
54.2495002746582,7.365426007683344,4.897705554962158,0.9832737445831299
