mse,rmse,mae,r2
12.897903442382812,3.591365122398837,2.219757080078125,0.7822688817977905
