horizon_step,mse,rmse,mae,r2
1,9.781516075134277,3.127541538514601,2.101088523864746,0.9731959700584412
2,21.51972007751465,4.6389352310109535,3.007840156555176,0.9410608410835266
