mse,rmse,mae,r2
15.650618553161621,3.95608626715364,2.55446457862854,0.9571242332458496
