mse,mae,r2
38.77747344970703,3.982283592224121,0.9116050601005554
