mse,rmse,mae,r2
2.721062660217285,1.6495643849869228,1.0156468152999878,0.9540536999702454
