horizon_step,mse,rmse,mae,r2
1,2.0193514823913574,1.421038874342063,0.8690030574798584,0.9659026265144348
2,3.422773838043213,1.8500740088015974,1.1622906923294067,0.9422046542167664
