mse,rmse,mae,r2
301.5158386230469,17.36421143107417,10.46143913269043,0.9070188403129578
