mse,mae,r2
175.7760009765625,9.01840877532959,0.7316817045211792
