mse,mae,r2
733.1399536132812,18.168739318847656,0.7738410830497742
