mse,rmse,mae,r2
14.864652633666992,3.8554704814934055,2.2825727462768555,0.9772899150848389
