mse,rmse,mae,r2
63.76640319824219,7.985386853386766,5.138922214508057,0.935312032699585
