mse,rmse,mae,r2
14.025824546813965,3.74510674705194,2.6993155479431152,0.9857708215713501
