mse,rmse,mae,r2
15.0826997756958,3.883645166038705,2.2271807193756104,0.9769567847251892
