mse,mae,r2
11.178081512451172,2.3821804523468018,0.8114075660705566
