mse,rmse,mae,r2
7.793830394744873,2.7917432537296247,1.7479695081710815,0.982229471206665
