horizon_step,mse,rmse,mae,r2
1,5.122007846832275,2.2631853319673745,1.4598455429077148,0.9883215427398682
2,10.465652465820312,3.235066068231113,2.0360939502716064,0.9761373996734619
