mse,rmse,mae,r2
411.1401062011719,20.27659010290369,12.194523811340332,0.8732130527496338
