mse,rmse,mae,r2
12.572999000549316,3.5458424951694227,2.375682830810547,0.9713332653045654
