mse,rmse,mae,r2
2.8894660472869873,1.6998429478298833,1.1269763708114624,0.9512101411819458
