horizon_step,mse,rmse,mae,r2
1,1.9596282243728638,1.3998672166933777,0.9379339218139648,0.9669110774993896
2,3.8193037509918213,1.9543039044610797,1.3160187005996704,0.9355090260505676
