horizon_step,mse,rmse,mae,r2
1,14.412261009216309,3.7963483782730356,2.7259209156036377,0.9853797554969788
2,24.584264755249023,4.958252187540386,3.4203298091888428,0.9750580787658691
