mse,rmse,mae,r2
19.498260498046875,4.415683468960029,3.0731253623962402,0.9802192449569702
