mse,mae,r2
70.10208129882812,5.586295127868652,0.8075445294380188
