mse,mae,r2
118.33479309082031,8.188608169555664,0.6751283407211304
