mse,rmse,mae,r2
3.9321839809417725,1.982973519979975,1.261399269104004,0.9336034059524536
