horizon_step,mse,rmse,mae,r2
1,1.977672815322876,1.4062975557551383,0.9346569776535034,0.9666063785552979
2,5.88669490814209,2.426251204665768,1.5881414413452148,0.900600016117096
