mse,rmse,mae,r2
42.70704650878906,6.535062854234002,4.145474910736084,0.8829277157783508
