mse,rmse,mae,r2
11.988252639770508,3.462405614564895,2.356508255004883,0.9878379106521606
