mse,mae,r2
72.21051788330078,5.806816101074219,0.835392951965332
