mse,rmse,mae,r2
28.656049728393555,5.353134570360954,3.1956965923309326,0.9214792847633362
