site_name,model_name,lookback,look_forward,batch_size,learning_rate,hidden_size,num_layers,epochs,dropout,checkpoint_selection,mse,rmse,mae,r2,train_time
Wind farm site 6 (Nominal capacity-96MW),LSTM,96,5,64,0.001,64,2,20,0.2,last_epoch,63.76640319824219,7.985386853386766,5.138922214508057,0.935312032699585,49.393495082855225
Wind farm site 6 (Nominal capacity-96MW),CNN_LSTM,96,5,64,0.001,64,2,20,0.2,last_epoch,62.07537841796875,7.878792954378783,5.168294429779053,0.9370274543762207,66.7386314868927
Wind farm site 6 (Nominal capacity-96MW),CNN,96,5,64,0.001,64,2,20,0.2,last_epoch,42.942588806152344,6.553059499665202,4.533307075500488,0.956436812877655,41.9312527179718
