mse,rmse,mae,r2
49.38047790527344,7.027124440713529,4.748571872711182,0.9499050378799438
