mse,rmse,mae,r2
8.439806938171387,2.905134581765772,1.7101489305496216,0.9768838286399841
