mse,rmse,mae,r2
4.017477989196777,2.004364734572223,1.3617290258407593,0.9908396601676941
