mse,rmse,mae,r2
11.201866149902344,3.346918903992498,2.0137596130371094,0.9744595289230347
