mse,rmse,mae,r2
30.828563690185547,5.5523475836969665,3.694949150085449,0.9155076146125793
