mse,mae,r2
18.27116584777832,2.9639031887054443,0.6917356848716736
