site_name,model_name,lookback,look_forward,batch_size,learning_rate,hidden_size,num_layers,epochs,dropout,mse,mae,r2,train_time
Wind farm site 3 (Nominal capacity-99MW),LSTM,96,12,64,0.001,128,4,10,0.4,73.49508666992188,5.866142272949219,0.7982295155525208,35.538875341415405
Wind farm site 3 (Nominal capacity-99MW),CNN,96,12,64,0.001,128,4,10,0.4,118.33479309082031,8.188608169555664,0.6751283407211304,20.12594723701477
Wind farm site 3 (Nominal capacity-99MW),CNN_LSTM,96,12,64,0.001,128,4,10,0.4,70.10208129882812,5.586295127868652,0.8075445294380188,39.548054933547974
