horizon_step,mse,rmse,mae,r2
1,17.75541877746582,4.213717928085104,2.533928632736206,0.972875714302063
2,47.66312026977539,6.903848221809008,4.099849224090576,0.9271847605705261
