mse,rmse,mae,r2
32.709266662597656,5.7192015756220425,3.3168885707855225,0.9500305652618408
