mse,rmse,mae,r2
17.68320083618164,4.205139811728219,2.5109848976135254,0.9596827626228333
