mse,rmse,mae,r2
18.290536880493164,4.276743723967239,2.9708645343780518,0.9814444780349731
