horizon_step,mse,rmse,mae,r2
1,13.786961555480957,3.713079793847818,2.5969839096069336,0.9860141277313232
2,22.794109344482422,4.77431768365726,3.344744920730591,0.9768742918968201
