mse,mae,r2
73.49508666992188,5.866142272949219,0.7982295155525208
