mse,mae,r2
695.7764282226562,18.29753875732422,0.7853670120239258
