mse,rmse,mae,r2
9.056556701660156,3.009411354677216,1.8763322830200195,0.9751945734024048
