site_name,model_name,lookback,look_forward,batch_size,learning_rate,hidden_size,num_layers,epochs,dropout,mse,mae,r2,train_time
Wind farm site 1 (Nominal capacity-99MW),LSTM,96,12,64,0.001,128,4,10,0.4,149.10003662109375,7.638037204742432,0.7723489999771118,35.52118515968323
Wind farm site 1 (Nominal capacity-99MW),CNN,96,12,64,0.001,128,4,10,0.4,175.78787231445312,9.370656967163086,0.7316011190414429,20.254067182540894
Wind farm site 1 (Nominal capacity-99MW),CNN_LSTM,96,12,64,0.001,128,4,10,0.4,145.05789184570312,7.433757305145264,0.7785207033157349,39.173075437545776
