mse,rmse,mae,r2
179.9009552001953,13.412716175338808,8.593249320983887,0.9445275664329529
