mse,rmse,mae,r2
59.80377197265625,7.733289854431699,4.362576961517334,0.9086443781852722
