mse,rmse,mae,r2
661.25146484375,25.714810223755297,16.22587013244629,0.7960743308067322
