mse,rmse,mae,r2
52.650299072265625,7.256052581966701,5.070130825042725,0.9465897679328918
