mse,rmse,mae,r2
8.829132080078125,2.971385548877514,1.7776352167129517,0.850928783416748
