mse,rmse,mae,r2
12.047327995300293,3.4709261005242236,2.4084625244140625,0.9877780079841614
