mse,rmse,mae,r2
97.74141693115234,9.886425892664768,5.663408279418945,0.8506991267204285
