mse,rmse,mae,r2
30.311208724975586,5.505561617580498,3.86147403717041,0.9692499041557312
