mse,rmse,mae,r2
41.040035247802734,6.406249702267524,3.8664982318878174,0.9064335227012634
