mse,rmse,mae,r2
30.924381256103516,5.5609694529014915,3.500166416168213,0.9294959902763367
