mse,rmse,mae,r2
4.0747270584106445,2.0185953181384932,1.1242257356643677,0.9312081933021545
