mse,rmse,mae,r2
22.29199981689453,4.721440438774435,2.9737484455108643,0.9389174580574036
