mse,rmse,mae,r2
4.625329494476318,2.150657921306017,1.3682173490524292,0.9894536733627319
