mse,rmse,mae,r2
8.897207260131836,2.982818677045562,1.7665019035339355,0.8498051166534424
