mse,mae,r2
145.05789184570312,7.433757305145264,0.7785207033157349
