mse,rmse,mae,r2
4.718903064727783,2.17230363087847,1.4831424951553345,0.9203259348869324
