mse,rmse,mae,r2
15.34937858581543,3.9178282996853535,2.4152708053588867,0.9579495191574097
