horizon_step,mse,rmse,mae,r2
1,10.195947647094727,3.193109401053263,2.0067763328552246,0.9720603227615356
2,20.502811431884766,4.528003029138206,2.823765277862549,0.9438459873199463
