mse,rmse,mae,r2
260.7789611816406,16.148651992709503,10.230765342712402,0.9195850491523743
