mse,rmse,mae,r2
3.930058717727661,1.9824375696923373,1.2972545623779297,0.9336448311805725
