horizon_step,mse,rmse,mae,r2
1,19.239749908447266,4.386313931816471,2.695934534072876,0.9706081748008728
2,45.67100524902344,6.758032646341939,4.077949523925781,0.9302281141281128
