mse,rmse,mae,r2
32.455379486083984,5.696962303375719,3.386942148208618,0.9504184722900391
