mse,rmse,mae,r2
52.32282638549805,7.233451899715519,4.42767858505249,0.9200721979141235
