mse,rmse,mae,r2
28.929426193237305,5.378608202243151,3.5530014038085938,0.9706516861915588
