mse,rmse,mae,r2
70.49384307861328,8.396061164535027,4.902261734008789,0.8067561388015747
