mse,rmse,mae,r2
98.822021484375,9.940926590835232,5.68043851852417,0.9695296883583069
