horizon_step,mse,rmse,mae,r2
1,52.54878234863281,7.249053893345863,4.250903129577637,0.9837973713874817
2,145.09527587890625,12.04555004468066,7.109973907470703,0.9552619457244873
