mse,rmse,mae,r2
7.12814998626709,2.6698595442957465,1.6029040813446045,0.9837473034858704
