horizon_step,mse,rmse,mae,r2
1,4.205127716064453,2.0506408062028934,1.269879937171936,0.9904120564460754
2,10.051172256469727,3.1703583798160304,1.9359276294708252,0.9770824313163757
