mse,rmse,mae,r2
29.23423194885254,5.406868959837342,3.5110456943511963,0.9333493709564209
