mse,rmse,mae,r2
34.845176696777344,5.902980323258527,3.5713181495666504,0.9467675685882568
