horizon_step,mse,rmse,mae,r2
1,19.240324020385742,4.386379374881491,2.7543137073516846,0.9706072807312012
2,50.45002746582031,7.102818276277404,4.388322830200195,0.92292720079422
