mse,rmse,mae,r2
74.18512725830078,8.613078848954117,5.625733375549316,0.9247441291809082
