mse,rmse,mae,r2
207.52943420410156,14.405881930798321,8.425026893615723,0.9360082745552063
