mse,rmse,mae,r2
392.35736083984375,19.808012541389502,11.944319725036621,0.8789995312690735
