mse,rmse,mae,r2
21.45208168029785,4.6316392001426285,2.7863340377807617,0.941218912601471
