mse,rmse,mae,r2
25.966642379760742,5.095747479983751,3.277631998062134,0.9407979249954224
