mse,rmse,mae,r2
117.73285675048828,10.850477259111154,6.516324520111084,0.820181131362915
