mse,rmse,mae,r2
17.17129135131836,4.143825690267191,2.747184991836548,0.7101539373397827
