mse,mae,r2
43.77009582519531,4.013865947723389,0.9002241492271423
