mse,mae,r2
175.78787231445312,9.370656967163086,0.7316011190414429
