mse,rmse,mae,r2
476.5086975097656,21.829079172282224,14.906105995178223,0.853047788143158
