mse,rmse,mae,r2
0.993596613407135,0.9967931648075918,0.5827365517616272,0.9832214117050171
