mse,rmse,mae,r2
27.11530876159668,5.207236192222961,3.342390298843384,0.9724920392036438
