mse,mae,r2
56.6937255859375,4.339663505554199,0.9133998155593872
