site_name,model_name,lookback,look_forward,batch_size,learning_rate,hidden_size,num_layers,epochs,dropout,mse,mae,r2,train_time
Wind farm site 1 (Nominal capacity-99MW),LSTM,24,1,64,0.001,64,2,30,0.2,13.964255332946777,2.159074544906616,0.9786655306816101,69.25831818580627
Wind farm site 1 (Nominal capacity-99MW),CNN,24,1,64,0.001,64,2,30,0.2,15.356624603271484,2.3445026874542236,0.9765383005142212,52.97480058670044
Wind farm site 1 (Nominal capacity-99MW),CNN_LSTM,24,1,64,0.001,64,2,30,0.2,16.126890182495117,2.440981388092041,0.9753615260124207,79.33201384544373
