mse,rmse,mae,r2
62.07537841796875,7.878792954378783,5.168294429779053,0.9370274543762207
