mse,rmse,mae,r2
1.104590654373169,1.0509950781869384,0.6574296951293945,0.9813470840454102
