mse,mae,r2
94.79621887207031,6.485916614532471,0.9038500189781189
