mse,mae,r2
69.80632019042969,6.685719966888428,-0.17774629592895508
