mse,rmse,mae,r2
19.823261260986328,4.452332114856924,2.935788631439209,0.954803466796875
