horizon_step,mse,rmse,mae,r2
1,52.443450927734375,7.241785065005338,4.265854358673096,0.9838297963142395
2,140.46189880371094,11.851662280191372,6.934206008911133,0.9566906094551086
