mse,rmse,mae,r2
96.45267486572266,9.821032270882865,5.600029945373535,0.9702602028846741
