mse,rmse,mae,r2
37.09235763549805,6.0903495495331015,3.6944828033447266,0.9154320955276489
